[
  {
    "id": "173b1dfb-3ab9-4ad3-a9ec-d9e5bebf1cb3",
    "data": [
      {
        "text": "name",
        "alias": "answer_name",
        "meta": "@sys.person",
        "userDefined": true
      },
      {
        "text": " is my name",
        "userDefined": false
      }
    ],
    "isTemplate": false,
    "count": 0,
    "updated": 0
  },
  {
    "id": "689b8ccd-df37-453d-adc7-946c0592a4d4",
    "data": [
      {
        "text": "You can call me ",
        "userDefined": false
      },
      {
        "text": "name",
        "alias": "answer_name",
        "meta": "@sys.person",
        "userDefined": true
      }
    ],
    "isTemplate": false,
    "count": 0,
    "updated": 0
  },
  {
    "id": "8bd7309e-005a-4269-b420-7e1412f91bda",
    "data": [
      {
        "text": "I am ",
        "userDefined": false
      },
      {
        "text": "name",
        "alias": "answer_name",
        "meta": "@sys.person",
        "userDefined": true
      }
    ],
    "isTemplate": false,
    "count": 0,
    "updated": 0
  },
  {
    "id": "5b16cf66-312e-45d1-b92b-db5f37a645f4",
    "data": [
      {
        "text": "My name is ",
        "userDefined": false
      },
      {
        "text": "name",
        "alias": "answer_name",
        "meta": "@sys.person",
        "userDefined": true
      }
    ],
    "isTemplate": false,
    "count": 0,
    "updated": 0
  },
  {
    "id": "cdc0d6d2-2496-4882-8dfd-7ebc554aa383",
    "data": [
      {
        "text": "name",
        "alias": "answer_name",
        "meta": "@sys.person",
        "userDefined": true
      }
    ],
    "isTemplate": false,
    "count": 0,
    "updated": 0
  }
]