[
  {
    "id": "ff639b7f-c208-4621-ba31-b898b7e9f628",
    "data": [
      {
        "text": "i would like ",
        "userDefined": false
      },
      {
        "text": "cheese",
        "alias": "topping",
        "meta": "@topping",
        "userDefined": false
      }
    ],
    "isTemplate": false,
    "count": 0,
    "updated": 0
  },
  {
    "id": "2626ef2d-7031-418c-9afa-6fae82d5fbcf",
    "data": [
      {
        "text": "i prefer ",
        "userDefined": false
      },
      {
        "text": "cheese",
        "alias": "topping",
        "meta": "@topping",
        "userDefined": false
      }
    ],
    "isTemplate": false,
    "count": 1,
    "updated": 0
  },
  {
    "id": "584f20ae-6539-40cc-b433-11faa1b9068a",
    "data": [
      {
        "text": "cheese",
        "alias": "topping",
        "meta": "@topping",
        "userDefined": false
      }
    ],
    "isTemplate": false,
    "count": 0,
    "updated": 0
  },
  {
    "id": "4de0a67a-31f0-41dc-8644-fea44bcf869e",
    "data": [
      {
        "text": "i would like ",
        "userDefined": false
      },
      {
        "text": "ham",
        "alias": "topping",
        "meta": "@topping",
        "userDefined": false
      }
    ],
    "isTemplate": false,
    "count": 0,
    "updated": 0
  },
  {
    "id": "78e7d9f9-4b56-4b4e-a579-1db7e672ccba",
    "data": [
      {
        "text": "i prefer ",
        "userDefined": false
      },
      {
        "text": "ham",
        "alias": "topping",
        "meta": "@topping",
        "userDefined": false
      }
    ],
    "isTemplate": false,
    "count": 0,
    "updated": 0
  },
  {
    "id": "4e9b788a-0ec8-41d1-8e99-6076333e0a54",
    "data": [
      {
        "text": "ham",
        "alias": "topping",
        "meta": "@topping",
        "userDefined": false
      }
    ],
    "isTemplate": false,
    "count": 0,
    "updated": 0
  }
]