<?xml version='1.0' encoding='UTF-8'?>
<package uuid="heartrate-0a71b6" version="0.0.0">
 <names>
  <name lang="en_US">NurseBot</name>
 </names>
 <supportedLanguages>
  <language>en_US</language>
 </supportedLanguages>
 <descriptionLanguages>
  <language>en_US</language>
 </descriptionLanguages>
 <contents>
  <behaviorContent path="behavior_1">
   <userRequestable/>
   <nature>solitary</nature>
   <names>
    <name lang="en_US">LeftHandOnHeart</name>
   </names>
   <permissions/>
  </behaviorContent>
  <behaviorContent path="Touch">
   <nature>interactive</nature>
   <permissions/>
  </behaviorContent>
  <behaviorContent path="Timer">
   <nature>interactive</nature>
   <permissions/>
  </behaviorContent>
  <behaviorContent path="Question2">
   <nature>interactive</nature>
   <permissions/>
  </behaviorContent>
  <behaviorContent path="Didn'tUnderstand">
   <nature>interactive</nature>
   <permissions/>
  </behaviorContent>
  <behaviorContent path="TouchBreadToast">
   <nature>interactive</nature>
   <permissions/>
  </behaviorContent>
  <behaviorContent path="TouchCheeseHam">
   <nature>interactive</nature>
   <permissions/>
  </behaviorContent>
  <behaviorContent path="Test">
   <nature>interactive</nature>
   <permissions/>
  </behaviorContent>
 </contents>
</package>
